http://abcnews.go.com/,200
http://abcnews.go.com/International/wireStory/us-press-nato-allies-counter-terror-defense-budgets-46485084,200
http://abcnews.go.com/US/teacher-visited-teens-workplace-days-alleged-kidnapping-sister/story?id=46397006,200
http://abcnews.go.com/Politics/trump-tackling-drawing-fire-womens-issues/story?id=46445376,200
http://abcnews.go.com/US/wireStory/nyc-mayor-close-rikers-island-jail-decade-46496888,200
http://abcnews.go.com/Politics/democrats-vote-confirm-supreme-court-nominee-neil-gorsuch/story?id=46475926,200
http://abcnews.go.com/International,200
http://abcnews.go.com/US/wireStory/man-indicted-murder-charge-shooting-black-teen-46490371,200
http://abcnews.go.com/International/wireStory/climate-change-agency-reacts-cautiously-trump-plan-46486454,200
http://abcnews.go.com/US/93-year-wwii-veteran-prepares-upcoming-birthday-piano/story?id=46465840,200
http://abcnews.go.com/Entertainment/hayden-christensen-mark-hamill-back-star-wars-40th/story?id=46500674,200
http://abcnews.go.com/US/fullpage?id=29054814,200
http://abcnews.go.com/technology,200
http://abcnews.go.com/primetime,200
http://abcnews.go.com/topics/,200
http://abcnews.go.com/Lifestyle/ohio-plumber-finds-wedding-ring-10-years-fell/story?id=46490443,200
http://abcnews.go.com/US/mother-super-mom-sherri-papini-told-police-daughter/story?id=46477176,200
http://abcnews.go.com/Press_Release/,200
http://abcnews.go.com/Entertainment/video/bowling-legends-decades-long-fight-recognition-perfection-43605173,200
http://abcnews.go.com/Entertainment/alec-baldwin-opens-past-battle-alcoholism-drug-addiction/story?id=46434818,200
http://abcnews.go.com/US/wireStory/south-carolina-man-accused-join-islamic-group-46498756,200
http://abcnews.go.com/whatwouldyoudo,200
http://abcnews.go.com/US,200
http://abcnews.go.com/Health/wireStory/white-house-colored-blue-sunday-autism-awareness-46497699,200
http://abcnews.go.com/us,200
http://abcnews.go.com/author/,200
http://abcnews.go.com/Politics,200
http://abcnews.go.com/entertainment,200
http://abcnews.go.com/Politics/kremlin-spokesman-russia-us-relations-worse-cold-war/story?id=46486662,200
http://abcnews.go.com/Politics/gop-senator-criticizes-paul-ryans-warning-reublicans-health/story?id=46465213,200
http://abcnews.go.com/US/teen-girl-accused-plotting-school-shooting-released-hospital/story?id=46500302,200
http://abcnews.go.com/US/wireStory/trump-coal-order-prompt-indiana-power-plant-restart-46496990,200
http://abcnews.go.com/Entertainment/alec-baldwin-giving-youngest-kids-childhood/story?id=46451557,200
http://abcnews.go.com/health,200
http://abcnews.go.com/Sports,200
http://abcnews.go.com/Entertainment/wireStory/family-recognized-stolen-rockwell-painting-pool-cue-hole-46498144,200
http://abcnews.go.com/Politics/ivanka-trumps-white-house-role-doesnt-eliminate-ethics/story?id=46471121,200
http://abcnews.go.com/gma,302
http://abcnews.go.com/US/wireStory/court-revive-suit-confederate-themed-state-flag-46501224,200
http://abcnews.go.com/US/wireStory/colorado-army-officer-drowns-us-base-guantanamo-bay-46497908,200
http://abcnews.go.com/US/wireStory/arkansas-asks-court-block-order-execution-drugs-46491502,200
http://abcnews.go.com/Entertainment/boss-baby-ghost-shell-weeks-releases/story?id=46502083,200
http://abcnews.go.com/US/teacher-raises-80k-bikes-elementary-schools-entire-student/story?id=46474095,200
http://abcnews.go.com/Entertainment/game-thrones-star-finn-jones-iron-fist-family/story?id=46488031,200
http://abcnews.go.com/US/missing-teen-teacher-spotted-oklahoma-walmart-days-disappearance/story?id=46443783,200
http://abcnews.go.com/US/wireStory/kindergarten-teacher-arrested-gun-found-classroom-46487205,200
http://abcnews.go.com/Lifestyle/today-day-stop-watching-park-owner-april-giraffes/story?id=46487247,200
http://abcnews.go.com/live/video/special-live-9,200
http://abcnews.go.com/live/video/special-live-8,200
http://abcnews.go.com/live/video/special-live-7,200
http://abcnews.go.com/2020,200
http://abcnews.go.com/US/weeks-student-teacher-missing-teen-reported-kiss/story?id=46251357,200
http://abcnews.go.com/amp/US/teacher-visited-teens-workplace-days-alleged-kidnapping-sister/story?id=46397006,200
http://abcnews.go.com/topics/news/amber-alert.htm,200
http://abcnews.go.com/US/fbi-agent-leads-missing-student-teacher-case-troubling/story?id=46273962,200
http://abcnews.go.com/US/photo-shows-teacher-15-year-student-allegedly-kidnapped/story?id=46284813,200
http://abcnews.go.com/US/teacher-accused-kidnapping-teen-believed-watched-tv-show/story?id=46298203,200
http://abcnews.go.com/topics/business/,200
http://abcnews.go.com/topics/business/CEOs/,200
http://abcnews.go.com/topics/business/CEOs/rex-tillerson.htm?mediatype=Video,200
http://abcnews.go.com/International/wireStory/putin-ready-meet-trump-finland-hosts-summit-46463796,200
http://abcnews.go.com/topics/business/CEOs/rex-tillerson.htm?mediatype=Image,200
http://abcnews.go.com/Politics/wireStory/turkey-criticizes-us-arrests-iran-sanctions-case-46466096,200
http://abcnews.go.com/International/wireStory/us-secretary-state-tillerson-turkey-talks-46457372,200
http://abcnews.go.com/International/wireStory/top-us-diplomat-meets-wife-jailed-american-turkey-46485467,200
http://abcnews.go.com/topics/urss?pageid=693865,200
http://abcnews.go.com/Politics/wireStory/amid-us-afghanistan-uncertainty-russia-resurrects-interest-46460411,200
http://abcnews.go.com/topics/business/CEOs/rex-tillerson.htm?page=5,200
http://abcnews.go.com/topics/business/CEOs/rex-tillerson.htm?page=4,200
http://abcnews.go.com/topics/business/CEOs/rex-tillerson.htm?page=3,200
http://abcnews.go.com/topics/business/CEOs/rex-tillerson.htm?page=2,200
http://abcnews.go.com/US/charleston-church-shooter-dylann-roof-plead-guilty-state/story?id=46492373,200
http://abcnews.go.com/Technology,200
http://abcnews.go.com/Lifestyle/rescue-swimmingly-ducklings-plucked-florida-drain/story?id=46477994,200
http://abcnews.go.com/US/department-justice-appealing-hawaii-judges-extension-trump-travel/story?id=46479661,200
http://abcnews.go.com/US/maryland-teen-plotting-mass-school-shooting-police/story?id=46404763,200
http://abcnews.go.com/US/investigators-locate-remains-isabel-celis-year-girl-missing/story?id=46503146,200
http://abcnews.go.com/Nightline,200
http://abcnews.go.com/Technology/wireStory/us-enrolls-volunteers-large-test-zika-vaccine-46497974,200
http://abcnews.go.com/Entertainment/queens-da-drop-assault-charge-shia-labeouf/story?id=46496479,200
http://abcnews.go.com/Entertainment/inside-ciaras-list-baby-shower/story?id=46490542,200
http://abcnews.go.com/Lifestyle/Pets/photos/baby-animals-3351912,200
http://abcnews.go.com/Politics/white-house-allowing-public-request-financials-senior-staff/story?id=46500232,200
http://abcnews.go.com/Lifestyle/video/diners-waiting-hours-eat-ranch-dressing-46488032,200
http://abcnews.go.com/Entertainment/wireStory/anthony-perkins-son-fathers-horror-footsteps-46498760,200
http://abcnews.go.com/Lifestyle/year-basketball-star-shocked-harlem-globetrotters-surprise/story?id=46464978,200
http://abcnews.go.com/US/wireStory/dad-stunned-wounded-man-nightclub-shooting-suspect-46487284,200
http://abcnews.go.com/Entertainment/orange-black-star-samira-wiley-lauren-morelli-celebrate/story?id=46479173,200
http://abcnews.go.com/Site/page?id=3520115,200
http://abcnews.go.com/Politics/doj-speed-deportation-process-criminal-undocumented-immigrants/story?id=46473308,200
http://abcnews.go.com/live/video/special-live-2,200
http://abcnews.go.com/live/video/special-live-1,200
http://abcnews.go.com/Lifestyle/generations-photo-series-captures-beauty-young/story?id=46451147,200
http://abcnews.go.com/live/video/special-live-6,200
http://abcnews.go.com/international,200
http://abcnews.go.com/live/video/special-live-5,200
http://abcnews.go.com/live/video/special-live-4,200
http://abcnews.go.com/live/video/special-live-3,200
http://abcnews.go.com/Lifestyle/swedish-hotel-chain-offers-refunds-couples-divorce-year/story?id=46464979,200
http://abcnews.go.com/Live,200
http://abcnews.go.com/Lifestyle/girl-rare-severe-face-cancer-sparks-emotion-hope/story?id=46466959,200
http://abcnews.go.com/Lifestyle/mom-sues-112k-alleged-easter-egg-hunt-injury/story?id=46465214,200
http://abcnews.go.com/US/200-ton-boulder-blown-oregon-road/story?id=46491390,200
http://abcnews.go.com/Politics/wireStory/top-aide-president-donald-trump-leaves-administration-46469340,200
http://abcnews.go.com/Entertainment/russell-brand-warm-feelings-katy-perry/story?id=46494402,200
http://abcnews.go.com/Lifestyle/photos/12-strangest-bus-stops-world-46475041,200
http://abcnews.go.com/US/wireStory/man-found-bodies-ohio-tells-911-46490260,200
http://abcnews.go.com/Lifestyle/video/officers-rescue-dad-make-daddy-daughter-dance-46500677,200
http://abcnews.go.com/Weird/wireStory/berlin-police-seek-info-tools-museum-gold-heist-46490169,200
http://abcnews.go.com/Health,200
http://abcnews.go.com/Health/91-year-school-crossing-guard-marks-50-years/story?id=46466002,200
http://abcnews.go.com/Video,200
http://abcnews.go.com/WhatWouldYouDo,200
http://abcnews.go.com/Politics/donald-trump-takes-aim-freedom-caucus-2018-threat/story?id=46464771,200
http://abcnews.go.com/Lifestyle,200
http://abcnews.go.com/manifest.json,200
http://abcnews.go.com/Politics/white-house-officials-played-role-surfacing-documents-nunes/story?id=46497170,200
http://abcnews.go.com/Politics/white-house-invites-intelligence-committee-leaders-review-national/story?id=46473063,200
http://abcnews.go.com/topics/news/weather.htm,200
http://abcnews.go.com/International/wireStory/china-plans-panda-preserve-times-size-yellowstone-park-46485424,200
http://abcnews.go.com/thisweek,200
http://abcnews.go.com/Lifestyle/wireStory/harriet-tubman-photo-bought-smithsonian-national-library-46500944,200
http://abcnews.go.com/US/wireStory/woman-accused-leaving-toddler-south-carolina-wal-mart-46491460,200
http://abcnews.go.com/Entertainment,200
http://abcnews.go.com/US/video/revealing-documentary-youth-heart-standing-rock-protests-dakota-45674446,200
http://abcnews.go.com/Lifestyle/laws-lacking-us-moms-turn-crowdfunding-pay-maternity/story?id=46417672,200
http://abcnews.go.com/Politics/wireStory/clinton-criticizes-proposed-trump-budget-cuts-diplomacy-46492383,200
http://abcnews.go.com/Lifestyle/postal-worker-builds-ramp-elderly-dog-route/story?id=46496853,200
http://abcnews.go.com/blotter,200
http://abcnews.go.com/Entertainment/singer-songwriter-jewel-taught-meditation-cope-rough-childhood/story?id=46480425,200
http://abcnews.go.com/US/maryland-teen-plotting-school-shooting-referenced-columbine-newtown/story?id=46416801,200
http://abcnews.go.com/Politics/wireStory/journalist-shes-found-twitter-account-fbi-director-46492954,200
http://abcnews.go.com/business,200
http://abcnews.go.com/Lifestyle/12-year-north-carolina-girl-picks-perfect-ncaa/story?id=46491561,200
http://abcnews.go.com/Entertainment/video/feud-director-ryan-murphy-working-women-40-46299944,200
http://abcnews.go.com/Entertainment/kate-hudson-reveals-hidden-1990s-teenage-time-capsule/story?id=46486969,200
http://abcnews.go.com/International/wireStory/us-defense-chief-worries-reckless-nkorea-actions-46487458,200
http://abcnews.go.com/US/woman-survived-days-grand-canyon-reunites-responders-rescued/story?id=46497383,200
http://abcnews.go.com/Technology/wireStory/epa-denies-petition-ban-pesticide-crops-46457167,200
http://abcnews.go.com/Technology/wireStory/latest-groups-sue-stop-trumps-effort-boost-coal-46454249,200
http://abcnews.go.com/Technology/wireStory/president-donald-trump-signs-executive-order-rolling-back-46426243,200
http://abcnews.go.com/Technology/wireStory/dirty-air-global-trade-kills-home-abroad-46451079,200
http://abcnews.go.com/Technology/video/archival-video-steve-jobs-apple-years-39232701,200
http://abcnews.go.com/Technology/wireStory/latest-spacewalking-astronauts-lose-piece-shielding-46466538,200
http://abcnews.go.com/Technology/wireStory/house-approves-bill-force-public-release-epa-science-46455903,200
http://abcnews.go.com/topics/news/us/justice-department.htm,200
http://abcnews.go.com/author/emily_shapiro,200
http://abcnews.go.com/topics/news/charleston-church-shooting.htm,200
http://abcnews.go.com/topics/news/issues/death-penalty.htm,200
http://abcnews.go.com/US/victims-families-recount-stories-loss-charleston-shooting-jury/story?id=44569636,200
http://abcnews.go.com/amp/US/charleston-church-shooter-dylann-roof-plead-guilty-state/story?id=46492373,200
http://abcnews.go.com/US/charleston-church-shooter-dylann-roof-sentenced-death/story?id=44674575,200
http://abcnews.go.com/US/jurors-hear-closing-arguments-dylann-roof-trial/story?id=44673859,200
http://abcnews.go.com/US/sentencing-phase-begins-dylann-roof-federal-death-penalty/story?id=44544348,200
http://abcnews.go.com/topics/business/labor-department.htm,200
http://abcnews.go.com/topics/business/ctia-wireless.htm,200
http://abcnews.go.com/topics/business/the-salvation-army.htm,200
http://abcnews.go.com/topics/business/consumer-reports.htm,200
http://abcnews.go.com/topics/business/commerce-department.htm,200
http://abcnews.go.com/topics/business/national-bureau-of-economic-research.htm,200
http://abcnews.go.com/topics/business/drug-companies.htm,200
http://abcnews.go.com/topics/business/bull-market.htm,200
http://abcnews.go.com/US/city-delphi-indiana-left-heartbroken-rattled-murders-teenage/story?id=45562004,200
http://abcnews.go.com/topics/news/crime.htm,200
http://abcnews.go.com/US/investigation-indiana-teens-mysterious-murder-enters-4th-week/story?id=45937133,200
http://abcnews.go.com/topics/news/us/federal-bureau-of-investigation.htm,200
http://abcnews.go.com/US/nfl-player-raises-reward-catch-monster-teen-girls/story?id=45882414,200
http://abcnews.go.com/amp/US/grandfather-murdered-indiana-teen-pleads-publics-find-killer/story?id=45967370,200
http://abcnews.go.com/Lifestyle/wireStory/australian-probe-explain-plane-crash-killed-46434112,200
http://abcnews.go.com/GMA/video/game-thrones-star-finn-jones-iron-fist-family-46489263,200
http://abcnews.go.com/International/wireStory/bodies-found-helicopter-crashes-uk-mountains-46465212,200
http://abcnews.go.com/International/passenger-jet-catches-fire-peru-airport-video-shows/story?id=46431387,200
http://abcnews.go.com/topics/news/plane-crash.htm?mediatype=Image,200
http://abcnews.go.com/topics/thumbnails/cached_media/0057/0057431/0057431243/images/000440.jpg,302
http://abcnews.go.com/topics/news/plane-crash.htm?page=4,200
http://abcnews.go.com/topics/news/plane-crash.htm?page=5,200
http://abcnews.go.com/topics/news/plane-crash.htm?page=2,200
http://abcnews.go.com/topics/urss?pageid=1497743,200
http://abcnews.go.com/topics/news/plane-crash.htm?page=3,200
http://abcnews.go.com/US/wireStory/woman-killed-husband-injured-plane-crash-alabama-46443024,200
http://abcnews.go.com/topics/news/plane-crash.htm?mediatype=Video,200
http://abcnews.go.com/International/wireStory/red-bull-heir-enjoys-jet-set-life-years-46409975,200
http://abcnews.go.com/topics/thumbnails/cached_media/0057/0057431/0057431243/images/000290.jpg,302
http://abcnews.go.com/International/wireStory/police-reports-student-pilot-crashed-plane-purpose-46435054,200
http://abcnews.go.com/US/wireStory/fbi-releases-dozens-911-pentagon-photos-glitch-46493575,200
http://abcnews.go.com/amp/International/wireStory/us-press-nato-allies-counter-terror-defense-budgets-46485084,200
http://abcnews.go.com/topics/news/world/nato.htm,200
http://abcnews.go.com/topics/news/world/prime-minister-jens-stoltenberg.htm,200
http://abcnews.go.com/Sports/wireStory/final-matchups-make-difference-46502478,200
http://abcnews.go.com/topics/news/north-carolina.htm?mediatype=Image,200
http://abcnews.go.com/images/Lifestyle/170401_vod_orig_finalfour_mix.jpg,200
http://abcnews.go.com/Lifestyle/photos/sasha-anderson-seventh-grader-correctly-picked-north-carolina-46500810,200
http://abcnews.go.com/images/Sports/WireAP_6468018d64464daca31b558240c21166.jpg,200
http://abcnews.go.com/Sports/photos/photo-46501763,200
http://abcnews.go.com/Sports/photos/photo-46503147,200
http://abcnews.go.com/topics/news/north-carolina.htm?page=4,200
http://abcnews.go.com/topics/news/north-carolina.htm?page=3,200
http://abcnews.go.com/topics/news/north-carolina.htm?page=5,200
http://abcnews.go.com/topics/news/north-carolina.htm?page=2,200
http://abcnews.go.com/Sports/wireStory/perfect-pick-north-carolina-seventh-grader-nails-final-46501349,200
http://abcnews.go.com/topics/business/martha-stewart.htm,200
http://abcnews.go.com/topics/business/gabelli.htm,200
http://abcnews.go.com/topics/business/stocks.htm,200
http://abcnews.go.com/topics/business/labor-market.htm,200
http://abcnews.go.com/topics/business/insurance-companies.htm,200
http://abcnews.go.com/topics/business/super-bowl-commercials.htm,200
http://abcnews.go.com/topics/business/consumer-confidence.htm,200
http://abcnews.go.com/topics/business/chapter-7-bankruptcy.htm,200
http://abcnews.go.com/topics/business/employment-report.htm,200
http://abcnews.go.com/topics/business/dow-jones.htm,200
http://abcnews.go.com/topics/business/leveraged-buyout.htm,200
http://abcnews.go.com/topics/business/network-appliance.htm,200
http://abcnews.go.com/topics/business/made-in-america.htm,200
http://abcnews.go.com/topics/business/flash-crash.htm,200
http://abcnews.go.com/topics/business/international-council-of-shopping-centers.htm,200
http://abcnews.go.com/topics/business/commodity-prices.htm,200
http://abcnews.go.com/topics/business/asian-markets.htm,200
http://abcnews.go.com/topics/business/bloomberg-tv.htm,200
http://abcnews.go.com/topics/business/charles-schwab.htm,200
http://abcnews.go.com/topics/business/beige-book.htm,200
http://abcnews.go.com/topics/business/small-business-saturday.htm,200
http://abcnews.go.com/topics/business/world-economic-forum.htm,200
http://abcnews.go.com/topics/business/trade-deficit.htm,200
http://abcnews.go.com/topics/business/community-banks.htm,200
http://abcnews.go.com/topics/business/black-friday.htm,200
http://abcnews.go.com/topics/business/chapter-13-bankruptcy.htm,200
http://abcnews.go.com/topics/business/inbev.htm,200
http://abcnews.go.com/topics/business/gold-prices.htm,200
http://abcnews.go.com/topics/business/ipos.htm,200
http://abcnews.go.com/topics/business/stock-market.htm,200
http://abcnews.go.com/topics/business/trump-university.htm,200
http://abcnews.go.com/topics/business/abn-amro.htm,200
http://abcnews.go.com/topics/business/credit-unions.htm,200
http://abcnews.go.com/topics/business/canadian-imperial-bank-of-commerce.htm,200
http://abcnews.go.com/topics/business/options-backdating.htm,200
http://abcnews.go.com/topics/business/private-label.htm,200
http://abcnews.go.com/topics/business/bitcoin-exchange.htm,200
http://abcnews.go.com/topics/business/emerging-markets.htm,200
http://abcnews.go.com/Site/page/rss--3520115,200
http://abcnews.go.com/author/meghan_keneally,200
http://abcnews.go.com/amp/Politics/doj-speed-deportation-process-criminal-undocumented-immigrants/story?id=46473308,200
http://abcnews.go.com/Health/texas-girl-surprised-super-bowl-tickets-treated-rare/story?id=45230765,200
http://abcnews.go.com/Health/teacher-aide-fired-accused-faking-cancer-hide-criminal/story?id=45047134,200
http://abcnews.go.com/Health/conjoined-twins-send-off-hospital-separated/story?id=45321109,200
http://abcnews.go.com/author/janet_weinstein,200
http://abcnews.go.com/Health/mumps-outbreak-reaches-367-cases-washington-state-numbers/story?id=45320986,200
http://abcnews.go.com/topics/lifestyle/health/autism.htm,200
http://abcnews.go.com/topics/lifestyle/health/center-for-disease-control.htm,200
http://abcnews.go.com/amp/Health/scientists-robot-gadgets-advance-autism-research-young-children/story?id=46175570,200
http://abcnews.go.com/Health/chicago-witnesses-violence-turn-aid-save-lives/story?id=45050202,200
http://abcnews.go.com/Health/flu-takes-toll-nyc-children-reported-dead-seasonal/story?id=45320883,200
http://abcnews.go.com/custom/feedback_form_mobileweb,200
http://abcnews.go.com/Politics/trump-son-law-jared-kushners-power-expanding-latest/story?id=46399819,200
http://abcnews.go.com/Politics/donald-trump-promise-tracker-pledges-stand/story?id=44902688,200
http://abcnews.go.com/Politics/ivanka-trump-taking-formal-role-administration/story?id=46454858,200
http://abcnews.go.com/Politics/spicer-trump-talking-general-surveillance-wiretapping-tweets/story?id=46101282,200
http://abcnews.go.com/Politics/paul-ryan-devin-nunes-recuse-russia-investigation/story?id=46418085,200
http://abcnews.go.com/Author/Meghan_Keneally,200
http://abcnews.go.com/Politics/trump-administration-hits-50-day-mark/story?id=46025774,200
http://abcnews.go.com/Politics/timeline-jeff-sessions-connections-russian-ambassador/story?id=45855918,200
http://abcnews.go.com/Politics/spicer-saystrump-spoken-fbi-director-wiretapping-claims/story?id=45964030,200
http://abcnews.go.com/Politics/spicer-massive-difference-cia-wikileaks-leak-podesta-email/story?id=45998434,200
http://abcnews.go.com/Politics/ag-jeff-sessions-takes-aim-sanctuary-cities-doj/story?id=46404503,200
http://abcnews.go.com/Politics/inside-white-house-president-trump-prepped-speech-joint/story?id=45830015,200
http://abcnews.go.com/Politics/trump-merkel/story?id=46198767,200
http://abcnews.go.com/topics/news/elections/presidential-election.htm,200
http://abcnews.go.com/topics/news/us/eric-schneiderman.htm,200
http://abcnews.go.com/amp/Politics/wireStory/latest-judge-approves-trump-university-settlement-46494264,200
http://abcnews.go.com/US/wireStory/friend-racist-church-shooter-appeals-sentence-46452989,200
http://abcnews.go.com/Politics/people-white-nationalist-jared-taylor-muslim-american-journalist/story?id=46211947,200
http://abcnews.go.com/topics/news/charleston-church-shooting.htm?page=4,200
http://abcnews.go.com/topics/news/charleston-church-shooting.htm?page=3,200
http://abcnews.go.com/topics/news/charleston-church-shooting.htm?page=5,200
http://abcnews.go.com/US/wireStory/tearful-friend-dylann-roof-apologizes-sentencing-46293810,200
http://abcnews.go.com/topics/news/charleston-church-shooting.htm?page=2,200
http://abcnews.go.com/US/wireStory/judge-charleston-church-survivors-lawsuits-46334299,200
http://abcnews.go.com/US/wireStory/friend-dylann-roof-27-months-prison-failing-report-46280034,200
http://abcnews.go.com/US/wireStory/confederate-flag-removed-rhode-island-agencys-garage-46496425,200
http://abcnews.go.com/US/wireStory/dylann-roofs-friend-prison-lying-fbi-46270539,200
http://abcnews.go.com/topics/news/charleston-church-shooting.htm?mediatype=Video,200
http://abcnews.go.com/topics/news/charleston-church-shooting.htm?mediatype=Image,200
http://abcnews.go.com/US/wireStory/charleston-church-shooter-plead-guilty-murder-charges-46492592,200
http://abcnews.go.com/US/wireStory/latest-27-month-sentence-friend-dylann-roof-46280218,200
http://abcnews.go.com/topics/urss?pageid=1498357,200
http://abcnews.go.com/topics/urss?pageid=1085229,200
http://abcnews.go.com/topics/news/north-carolina.htm?mediatype=Video,200
http://abcnews.go.com/US/wireStory/north-carolinas-bathroom-bill-repeal-satisfied-46484972,200
http://abcnews.go.com/Sports/wireStory/unfinished-tar-heels-oregon-time-46501812,200
http://abcnews.go.com/Lifestyle/video/12-year-girl-correctly-predicts-final-teams-46500809,200
http://abcnews.go.com/Sports/wireStory/berrys-injuries-give-tar-heels-familiar-drama-final-46503246,200
http://abcnews.go.com/images/Sports/WireAP_e6ff305d193946859ccfe936227bd626.jpg,200
http://abcnews.go.com/Politics/timeline-michael-flynns-interactions-russia-cost-job/story?id=45456031,200
http://abcnews.go.com/topics/news/us/justice-department.htm?page=4,200
http://abcnews.go.com/topics/news/us/justice-department.htm?page=3,200
http://abcnews.go.com/topics/news/us/justice-department.htm?page=2,200
http://abcnews.go.com/topics/news/us/,200
http://abcnews.go.com/topics/news/us/justice-department.htm?mediatype=Image,200
http://abcnews.go.com/Politics/wireStory/latest-trump-flynn-immunity-46487245,200
http://abcnews.go.com/US/wireStory/us-seeks-speedy-appeal-hearing-hawaii-travel-ban-46503048,200
http://abcnews.go.com/topics/news/us/justice-department.htm?page=5,200
http://abcnews.go.com/Politics/wireStory/questions-answers-legal-immunity-process-46500304,200
http://abcnews.go.com/Politics/wireStory/michael-flynn-talks-congress-wary-prosecution-46484973,200
http://abcnews.go.com/topics/urss?pageid=682003,200
http://abcnews.go.com/topics/news/us/justice-department.htm?mediatype=Video,200
http://abcnews.go.com/topics/news/,200
http://abcnews.go.com/Sports/wireStory/fifa-sends-1300-page-corruption-probe-swiss-prosecutors-46486112,200
http://abcnews.go.com/Technology/wireStory/notorious-troll-calls-online-tactics-national-sport-46449108,200
http://abcnews.go.com/Technology/wireStory/windows-update-bring-game-tools-clutter-46443506,200
http://abcnews.go.com/Technology/wireStory/uber-diversity-report-36-percent-employees-women-46424685,200
http://abcnews.go.com/Technology/wireStory/thai-jungle-breeding-ground-indochinese-tigers-46417502,200
http://abcnews.go.com/Technology/wireStory/illinois-considers-strengthening-internet-privacy-rights-46466632,200
http://abcnews.go.com/Technology/wireStory/mcdonalds-canada-websites-jobs-section-hacked-46494961,200
http://abcnews.go.com/Technology/wireStory/elon-musks-latest-target-brain-computer-interfaces-46422016,200
http://abcnews.go.com/Technology/wireStory/worlds-oldest-spacewoman-sets-spacewalking-record-46463023,200
http://abcnews.go.com/Technology/wireStory/makes-cyberattack-experts-lobby-restrict-term-46420726,200
http://abcnews.go.com/Technology/wireStory/samsungs-galaxy-s8-phone-aims-dispel-note-debacle-46445998,200
http://abcnews.go.com/Technology/video/archival-video-meet-siri-apples-latest-invention-41895800,200
http://abcnews.go.com/Technology/wireStory/oculus-founder-palmer-luckey-leaves-facebook-46493824,200
http://abcnews.go.com/Technology/wireStory/house-hearing-climate-science-focuses-calling-46449648,200
http://abcnews.go.com/Technology/wireStory/study-early-americas-girl-naia-young-mother-46456398,200
http://abcnews.go.com/Technology/wireStory/china-affirms-climate-pledge-trump-rolls-back-rules-46440702,200
http://abcnews.go.com/Technology/wireStory/spacex-set-launch-recycled-rocket-46471281,200
http://abcnews.go.com/alerts/Samsung,200
http://abcnews.go.com/Technology/wireStory/eu-regrets-trumps-reversal-climate-policy-46440591,200
http://abcnews.go.com/Technology/wireStory/chinese-demand-elephant-ivory-drops-report-46439466,200
http://abcnews.go.com/Technology/wireStory/amazon-tests-grocery-pickup-service-seattle-46420423,200
http://abcnews.go.com/Technology/wireStory/privacy-concern-raised-search-service-verizon-phones-46502519,200
http://abcnews.go.com/Video/technology,200
http://abcnews.go.com/Technology/wireStory/troll-lulz-target-online-abuse-amused-46438834,200
http://abcnews.go.com/Technology/wireStory/seattle-plant-failure-dumps-millions-gallons-sewage-46383117,200
http://abcnews.go.com/Technology/photos/final-frontier-space-pictures-reaches-universe-1884336,200
http://abcnews.go.com/Technology/wireStory/nature-groups-role-suit-challenging-marine-monument-46466230,200
http://abcnews.go.com/Technology/wireStory/sockeye-salmon-removed-flood-threatened-idaho-hatchery-46470948,200
http://abcnews.go.com/Technology/wireStory/ford-hires-400-canadian-connected-car-research-46471381,200
http://abcnews.go.com/Technology/wireStory/california-ny-vow-fill-climate-change-void-left-46432438,200
http://abcnews.go.com/US/slideshow/astronauts-space-suits-years-21322832,301
http://abcnews.go.com/alerts/Congress,200
http://abcnews.go.com/Technology/wireStory/driving-car-crash-amid-debate-regulations-46413534,200
http://abcnews.go.com/amp/Technology,200
http://abcnews.go.com/Technology/wireStory/trump-takes-aim-obamas-efforts-curb-global-warming-46413925,200
http://abcnews.go.com/Technology/wireStory/house-votes-block-obama-era-online-privacy-rules-46430959,200
http://abcnews.go.com/Technology/wireStory/federal-agency-refuses-ban-pesticide-crops-46459999,200
http://abcnews.go.com/Technology/wireStory/lab-simulating-harsh-mars-climate-nascent-potato-grows-46457367,200
http://abcnews.go.com/alerts/SpaceX,200
http://abcnews.go.com/alerts/DonaldTrump,200
http://abcnews.go.com/Technology/wireStory/lab-opens-egypts-pyramids-restore-pharaonic-boat-46442569,200
http://abcnews.go.com/Technology/wireStory/european-officials-urge-rethink-trump-climate-plan-46419656,200
http://abcnews.go.com/alerts/Space,200
http://abcnews.go.com/alerts/Zika,200
http://abcnews.go.com/Technology/wireStory/samsungs-fire-prone-note-phone-return-recalls-46424689,200
http://abcnews.go.com/Technology/wireStory/chinese-tech-company-tencent-acquires-percent-tesla-stake-46425669,200
http://abcnews.go.com/Technology/wireStory/twitter-eases-140-character-limit-replies-46469270,200
http://abcnews.go.com/Technology/wireStory/trump-administration-seeks-delay-ruling-climate-plan-46450181,200
http://abcnews.go.com/Technology/wireStory/environmental-groups-file-lawsuit-trump-climate-actions-46455956,200
http://abcnews.go.com/Technology/wireStory/etihad-lend-us-bound-passengers-ipads-ban-workaround-46444215,200
http://abcnews.go.com/Technology/wireStory/hacker-attack-german-parliament-linked-election-46465385,200
http://abcnews.go.com/topics/news/north-carolina.htm,200
http://abcnews.go.com/Sports/wvus-bob-huggins-court-scare-caused-defibrillator-off/story?id=45623148,200
http://abcnews.go.com/amp/Sports/wireStory/gonzaga-unc-oregon-usc-hold-open-final-practices-46495642,200
http://abcnews.go.com/Sports/pelicans-officially-acquire-demarcus-cousins-blockbuster-trade-kings/story?id=45618747,200
http://abcnews.go.com/Sports/sources-wolves-inquire-knicks-derrick-rose/story?id=45623129,200
http://abcnews.go.com/topics/news/oregon.htm,200
http://abcnews.go.com/Sports/sophie-cunninghams-layup-helps-mizzou-stun-south-carolina/story?id=45614973,200
http://abcnews.go.com/Sports/johnson-cruises-win-world-ranking-typical-dj-fashion/story?id=45616187,200
http://abcnews.go.com/Sports/rick-ankiel-describes-dealing-anxiety-pitching/story?id=45618855,200
http://abcnews.go.com/Sports/racing-mind/story?id=45612776,200
http://abcnews.go.com/Sports/w2w4-kerber-regain-ranking-kyrgios-defends-title-time/story?id=45610854,200
http://abcnews.go.com/Sports/baylor-falls-top/story?id=45619822,200
http://abcnews.go.com/topics/news/south-carolina.htm,200
http://abcnews.go.com/Sports/te-julius-thomas-heads-miami-jaguars-acquire-lt/story?id=45621842,200
http://abcnews.go.com/US/grandfather-murdered-indiana-teen-pleads-publics-find-killer/story?id=45967370,200
http://abcnews.go.com/Sports/massachusetts-politician-commends-houston-police-helping-recover-tom/story?id=46398381,200
http://abcnews.go.com/Author/EMILY_SHAPIRO,200
http://abcnews.go.com/US/87-year-olds-13-killed-texas-church-bus/story?id=46464347,200
http://abcnews.go.com/US/veteran-charged-murder-terrorism-landmark-york-city-case/story?id=46398609,200
http://abcnews.go.com/US/cops-corral-ponies-york-city-snowstorm/story?id=46126267,200
http://abcnews.go.com/US/missing-teen-teacher-mexico-officials/story?id=46418043,200
http://abcnews.go.com/US/police-search-home-property-slain-indiana-teens-found/story?id=46208820,200
http://abcnews.go.com/US/communities-cope-recent-anti-semitic-attacks-jewish-officials/story?id=45800345,200
http://abcnews.go.com/topics/news/plane-crash.htm,200
http://abcnews.go.com/topics/lifestyle/christmas.htm,200
http://abcnews.go.com/topics/news/whitehouse/sean-spicer.htm,200
http://abcnews.go.com/author/veronica_stracqualursi,200
http://abcnews.go.com/US/michael-flynn-trumps-national-security-adviser-resigns-official/story?id=45473242,200
http://abcnews.go.com/amp/Politics/timeline-michael-flynns-interactions-russia-cost-job/story?id=45456031,200
http://abcnews.go.com/topics/news/world/isis.htm,200
http://abcnews.go.com/Politics/flynn-apologized-pence-misleading-russia-call-official/story?id=45467886,200
http://abcnews.go.com/topics/news/world/vladimir-putin.htm,200
http://abcnews.go.com/topics/news/donald-trump.htm,200
http://abcnews.go.com/Politics/sunday-week-ambassador-nikki-haley-ash-carter-sen/story?id=46501686,200
http://abcnews.go.com/Politics/top-senate-dem-slams-gsa-oking-trump-hotel/story?id=46502761,200
http://abcnews.go.com/Politics/note-flynns-story/story?id=46486968,200
http://abcnews.go.com/Politics/president-trump-expected-sign-executive-orders-trade-friday/story?id=46479874,200
http://abcnews.go.com/Politics/extended-transcript-george-stephanopoulos-interviews-kremlin-spokesman-dmitry/story?id=46499669,200
http://abcnews.go.com/Politics/flynn-talks-testify-congress-seeking-assurances-unfair-prosecution/story?id=46478140,200
http://abcnews.go.com/International/wireStory/us-vows-uphold-russia-sanctions-respects-pledges-46492314,200
http://abcnews.go.com/Sports/wireStory/gonzaga-unc-oregon-usc-hold-open-final-practices-46495642,200
http://abcnews.go.com/Health/scientists-robot-gadgets-advance-autism-research-young-children/story?id=46175570,200
http://abcnews.go.com/GMA,302
http://abcnews.go.com/weird,200
http://abcnews.go.com/travel,301
http://abcnews.go.com/WN,200
http://abcnews.go.com/wn,200
http://abcnews.go.com/Site/page?cat=ABCNews.com%20comments&id=3271346,200
http://abcnews.go.com/Site/page?id=3068843,200
http://abcnews.go.com/US/wireStory/deputy-guilty-televised-beating-man-fleeing-horse-46499565,200
http://abcnews.go.com/US/alleged-stalker-watcher-sends-letter-specific-threats-nj/story?id=46480325,200
http://abcnews.go.com/Lifestyle/wireStory/large-drone-miss-london-airliner-10000-feet-46491459,200
http://abcnews.go.com/politics,200
http://abcnews.go.com/Lifestyle/man-buys-40-powerades-5th-graders-stranded-interstate/story?id=46465522,200
http://abcnews.go.com/US/occupants-texas-bus-crash-wearing-seat-belts-ntsb/story?id=46499967,200
http://abcnews.go.com/Politics/michael-flynns-russia-connections-back-spotlight/story?id=46492214,200
http://abcnews.go.com/ThisWeek,200
http://abcnews.go.com/VR,200
http://abcnews.go.com/US/wireStory/norfolk-rape-pardon-brings-relief-pain-lingers-46492653,200
http://abcnews.go.com/Entertainment/exclusive-dancing-stars-pro-maksim-chmerkovskiy-speaks-injury/story?id=46489701,200
http://abcnews.go.com/sitemap,200
http://abcnews.go.com/Lifestyle/april-fools-day-start/story?id=46475042,200
http://abcnews.go.com/nightline,200
http://abcnews.go.com/Politics/wireStory/sessions-ferguson-emblem-tense-relationship-police-46493474,200
http://abcnews.go.com/Blotter,200
http://abcnews.go.com/US/wireStory/women-sentenced-raising-money-online-al-shabab-46495291,200
http://abcnews.go.com/Politics/trump-flynn-criticized-clinton-aides-seeking-immunity/story?id=46479102,200
http://abcnews.go.com/Politics/wireStory/schumer-warns-gop-rules-change-supreme-court-46485073,200
http://abcnews.go.com/Entertainment/alex-rodriguez-admits-dating-jennifer-lopez-great-time/story?id=46494902,200
http://abcnews.go.com/sports,200
http://abcnews.go.com/US/state-troopers-fatally-shoot-man-inside-pickup-truck/story?id=46485023,200
http://abcnews.go.com/US/wireStory/getaway-driver-convicted-murder-carjacking-mall-46495934,200
http://abcnews.go.com/Health/wireStory/congress-lets-states-block-planned-parenthood-money-46473310,200
http://abcnews.go.com/live/video/special-live-10,200
http://abcnews.go.com/live/video/special-live-11,200
http://abcnews.go.com/Politics/trump-encourages-national-security-adviser-seek-immunity-testifying/story?id=46488251,200
http://abcnews.go.com/Entertainment/jordana-brewster-bond-paul-walker-best-part-fast/story?id=46472786,200
http://abcnews.go.com/recipes,301
http://abcnews.go.com/US/elizabeth-smarts-father-similarities-elizabeth-thomas-disappearance-manipulation/story?id=46458240,200
http://abcnews.go.com/US/fbi-releases-batch-911-pentagon-photos/story?id=46484696,200
http://abcnews.go.com/US/photos/photos-never-seen-before-pentagon-9-11-attack-46488469,200
http://abcnews.go.com/US/wireStory/feds-giuliani-seeks-critical-role-turkish-mans-case-46501624,200
http://abcnews.go.com/US/wireStory/arkansas-city-white-hall-reports-1st-homicide-46493680,200
http://abcnews.go.com/International/photos/week-pictures-march-23-30-2017-46475979,200
http://abcnews.go.com/US/atlanta-residents-face-travel-nightmare-highway-bridge-collapses/story?id=46489131,200
http://abcnews.go.com/GMA/video/julie-andrews-shes-unbelievably-lucky-46353587,200
http://abcnews.go.com/Politics/trade-deficit/story?id=46493683,200
http://abcnews.go.com/Health/us-cancer-deaths-decreasing-study-finds/story?id=46490447,200
http://abcnews.go.com/Politics/wireStory/white-house-reality-changing-regard-syria-46498420,200
http://abcnews.go.com/topics/business/CEOs/rex-tillerson.htm,200
http://abcnews.go.com/Politics/wireStory/latest-judge-approves-trump-university-settlement-46494264,200
http://abcnews.go.com/amp/International/wireStory/us-vows-uphold-russia-sanctions-respects-pledges-46492314,200
http://abcnews.go.com/topics/news/russia.htm,200
http://abcnews.go.com/topics/news/ukraine.htm,200
http://abcnews.go.com/topics/business/tennessee-valley-authority.htm,200
http://abcnews.go.com/topics/business/stanley-oneal.htm,200
http://abcnews.go.com/topics/business/chapter-11-bankruptcy.htm,200
http://abcnews.go.com/topics/business/online-advertising.htm,200
http://abcnews.go.com/topics/business/ubs-swiss.htm,200
http://abcnews.go.com/topics/business/global-health-initiative.htm,200
http://abcnews.go.com/topics/business/global-competitiveness.htm,200
http://abcnews.go.com/topics/business/bond-market.htm,200
http://abcnews.go.com/topics/business/enron-corporation.htm,200
http://abcnews.go.com/topics/business/unemployment-rate.htm,200
http://abcnews.go.com/topics/business/rio-tinto-group.htm,200
http://abcnews.go.com/topics/business/bb&t.htm,200
http://abcnews.go.com/topics/business/exchange-traded-funds.htm,200
http://abcnews.go.com/topics/business/bear-market.htm,200
http://abcnews.go.com/topics/business/the-wall-street-journal.htm,200
http://abcnews.go.com/topics/business/usa-today.htm,200
http://abcnews.go.com/topics/business/foreign-direct-investment.htm,200
http://abcnews.go.com/topics/business/european-union.htm,200
http://abcnews.go.com/topics/business/corporate-earnings.htm,200
http://abcnews.go.com/topics/business/lane-bryant.htm,200
http://abcnews.go.com/topics/business/executive-compensation.htm,200
http://abcnews.go.com/topics/business/wachovia.htm,200
http://abcnews.go.com/topics/business/cyber-monday.htm,200
http://abcnews.go.com/topics/business/wall-street-dow.htm,200
http://abcnews.go.com/topics/business/washington-mutual.htm,200
http://abcnews.go.com/topics/business/corporate-personhood.htm,200
http://abcnews.go.com/topics/business/revenue-growth.htm,200
http://abcnews.go.com/topics/business/national-retail-federation.htm,200
http://abcnews.go.com/topics/business/corporate-espionage.htm,200
http://abcnews.go.com/topics/business/mutual-funds.htm,200
http://abcnews.go.com/topics/business/g-20-economic-summit.htm,200
http://abcnews.go.com/topics/business/online-retailers.htm,200
http://abcnews.go.com/topics/business/thomson-financial.htm,200
http://abcnews.go.com/topics/business/deutsche-telekom.htm,200
http://abcnews.go.com/topics/business/consumer-spending.htm,200
http://abcnews.go.com/topics/business/european-markets.htm,200
http://abcnews.go.com/topics/business/the-economist-magazine.htm,200
http://abcnews.go.com/topics/business/northern-rock-plc.htm,200
http://abcnews.go.com/topics/business/sarbanes-oxley-act.htm,200
http://abcnews.go.com/topics/business/bankruptcy.htm,200
http://abcnews.go.com/topics/urss?q,200
http://abcnews.go.com/topics/business/interest-rate.htm,200
http://abcnews.go.com/topics/business/retail-sales.htm,200
http://abcnews.go.com/topics/business/credit-default-swap.htm,200
http://abcnews.go.com/topics/business/u.s.-marine-corps-toys-for-tots.htm,200
http://abcnews.go.com/topics/business/chinese-government.htm,200
http://abcnews.go.com/topics/business/european-commission.htm,200
http://abcnews.go.com/topics/business/food-and-drug-administration.htm,200
http://abcnews.go.com/topics/business/equity-market.htm,200
http://abcnews.go.com/topics/business/high-frequency-trading.htm,200
