http://abcnews.go.com/,224051,196,text/html
http://abcnews.go.com/International/wireStory/us-press-nato-allies-counter-terror-defense-budgets-46485084,89802,80,text/html
http://abcnews.go.com/US/teacher-visited-teens-workplace-days-alleged-kidnapping-sister/story?id=46397006,94189,87,text/html
http://abcnews.go.com/Politics/trump-tackling-drawing-fire-womens-issues/story?id=46445376,99791,102,text/html
http://abcnews.go.com/US/wireStory/nyc-mayor-close-rikers-island-jail-decade-46496888,89962,80,text/html
http://abcnews.go.com/Politics/democrats-vote-confirm-supreme-court-nominee-neil-gorsuch/story?id=46475926,78777,77,text/html
http://abcnews.go.com/International,202421,134,text/html
http://abcnews.go.com/US/wireStory/man-indicted-murder-charge-shooting-black-teen-46490371,84121,79,text/html
http://abcnews.go.com/International/wireStory/climate-change-agency-reacts-cautiously-trump-plan-46486454,86339,81,text/html
http://abcnews.go.com/US/93-year-wwii-veteran-prepares-upcoming-birthday-piano/story?id=46465840,88107,84,text/html
http://abcnews.go.com/Entertainment/hayden-christensen-mark-hamill-back-star-wars-40th/story?id=46500674,78371,73,text/html
http://abcnews.go.com/US/fullpage?id=29054814,62215,61,text/html
http://abcnews.go.com/technology,209160,136,text/html
http://abcnews.go.com/primetime,58269,49,text/html
http://abcnews.go.com/topics/,46197,115,text/html
http://abcnews.go.com/Lifestyle/ohio-plumber-finds-wedding-ring-10-years-fell/story?id=46490443,88560,83,text/html
http://abcnews.go.com/US/mother-super-mom-sherri-papini-told-police-daughter/story?id=46477176,90649,84,text/html
http://abcnews.go.com/Press_Release/,116870,140,text/html
http://abcnews.go.com/Entertainment/video/bowling-legends-decades-long-fight-recognition-perfection-43605173,73980,89,text/html
http://abcnews.go.com/Entertainment/alec-baldwin-opens-past-battle-alcoholism-drug-addiction/story?id=46434818,77036,73,text/html
http://abcnews.go.com/US/wireStory/south-carolina-man-accused-join-islamic-group-46498756,84242,80,text/html
http://abcnews.go.com/whatwouldyoudo,127920,65,text/html
http://abcnews.go.com/US,224465,140,text/html
http://abcnews.go.com/Health/wireStory/white-house-colored-blue-sunday-autism-awareness-46497699,77645,74,text/html
http://abcnews.go.com/us,224651,141,text/html
http://abcnews.go.com/author/,119040,453,text/html
http://abcnews.go.com/Politics,235216,132,text/html
http://abcnews.go.com/entertainment,224853,164,text/html
http://abcnews.go.com/Politics/kremlin-spokesman-russia-us-relations-worse-cold-war/story?id=46486662,80165,80,text/html
http://abcnews.go.com/Politics/gop-senator-criticizes-paul-ryans-warning-reublicans-health/story?id=46465213,80811,80,text/html
http://abcnews.go.com/US/teen-girl-accused-plotting-school-shooting-released-hospital/story?id=46500302,92179,86,text/html
http://abcnews.go.com/US/wireStory/trump-coal-order-prompt-indiana-power-plant-restart-46496990,87525,83,text/html
http://abcnews.go.com/Entertainment/alec-baldwin-giving-youngest-kids-childhood/story?id=46451557,82367,84,text/html
http://abcnews.go.com/health,204112,134,text/html
http://abcnews.go.com/Sports,75216,125,text/html
http://abcnews.go.com/Entertainment/wireStory/family-recognized-stolen-rockwell-painting-pool-cue-hole-46498144,81222,74,text/html
http://abcnews.go.com/Politics/ivanka-trumps-white-house-role-doesnt-eliminate-ethics/story?id=46471121,81469,79,text/html
http://abcnews.go.com/US/wireStory/court-revive-suit-confederate-themed-state-flag-46501224,86556,81,text/html
http://abcnews.go.com/US/wireStory/colorado-army-officer-drowns-us-base-guantanamo-bay-46497908,84264,80,text/html
http://abcnews.go.com/US/wireStory/arkansas-asks-court-block-order-execution-drugs-46491502,88295,82,text/html
http://abcnews.go.com/Entertainment/boss-baby-ghost-shell-weeks-releases/story?id=46502083,77646,77,text/html
http://abcnews.go.com/US/teacher-raises-80k-bikes-elementary-schools-entire-student/story?id=46474095,89156,83,text/html
http://abcnews.go.com/Entertainment/game-thrones-star-finn-jones-iron-fist-family/story?id=46488031,90947,85,text/html
http://abcnews.go.com/US/missing-teen-teacher-spotted-oklahoma-walmart-days-disappearance/story?id=46443783,96866,99,text/html
http://abcnews.go.com/US/wireStory/kindergarten-teacher-arrested-gun-found-classroom-46487205,85670,79,text/html
http://abcnews.go.com/Lifestyle/today-day-stop-watching-park-owner-april-giraffes/story?id=46487247,87897,84,text/html
http://abcnews.go.com/live/video/special-live-9,51865,48,text/html
http://abcnews.go.com/live/video/special-live-8,51882,48,text/html
http://abcnews.go.com/live/video/special-live-7,51863,48,text/html
http://abcnews.go.com/2020,144412,79,text/html
http://abcnews.go.com/US/weeks-student-teacher-missing-teen-reported-kiss/story?id=46251357,98347,92,text/html
http://abcnews.go.com/amp/US/teacher-visited-teens-workplace-days-alleged-kidnapping-sister/story?id=46397006,29005,8,text/html
http://abcnews.go.com/topics/news/amber-alert.htm,49201,39,text/html
http://abcnews.go.com/US/fbi-agent-leads-missing-student-teacher-case-troubling/story?id=46273962,98982,89,text/html
http://abcnews.go.com/US/photo-shows-teacher-15-year-student-allegedly-kidnapped/story?id=46284813,93655,89,text/html
http://abcnews.go.com/US/teacher-accused-kidnapping-teen-believed-watched-tv-show/story?id=46298203,93088,90,text/html
http://abcnews.go.com/topics/business/,48313,106,text/html
http://abcnews.go.com/topics/business/CEOs/,79772,245,text/html
http://abcnews.go.com/topics/business/CEOs/rex-tillerson.htm?mediatype=Video,52948,47,text/html
http://abcnews.go.com/International/wireStory/putin-ready-meet-trump-finland-hosts-summit-46463796,92555,81,text/html
http://abcnews.go.com/topics/business/CEOs/rex-tillerson.htm?mediatype=Image,51809,41,text/html
http://abcnews.go.com/Politics/wireStory/turkey-criticizes-us-arrests-iran-sanctions-case-46466096,76842,72,text/html
http://abcnews.go.com/International/wireStory/us-secretary-state-tillerson-turkey-talks-46457372,90812,81,text/html
http://abcnews.go.com/International/wireStory/top-us-diplomat-meets-wife-jailed-american-turkey-46485467,86538,81,text/html
http://abcnews.go.com/Politics/wireStory/amid-us-afghanistan-uncertainty-russia-resurrects-interest-46460411,82497,72,text/html
http://abcnews.go.com/topics/business/CEOs/rex-tillerson.htm?page=5,48491,39,text/html
http://abcnews.go.com/topics/business/CEOs/rex-tillerson.htm?page=4,48491,39,text/html
http://abcnews.go.com/topics/business/CEOs/rex-tillerson.htm?page=3,48433,39,text/html
http://abcnews.go.com/topics/business/CEOs/rex-tillerson.htm?page=2,48434,39,text/html
http://abcnews.go.com/US/charleston-church-shooter-dylann-roof-plead-guilty-state/story?id=46492373,91520,89,text/html
http://abcnews.go.com/Technology,209160,135,text/html
http://abcnews.go.com/Lifestyle/rescue-swimmingly-ducklings-plucked-florida-drain/story?id=46477994,85627,78,text/html
http://abcnews.go.com/US/department-justice-appealing-hawaii-judges-extension-trump-travel/story?id=46479661,89057,86,text/html
http://abcnews.go.com/US/maryland-teen-plotting-mass-school-shooting-police/story?id=46404763,91608,84,text/html
http://abcnews.go.com/US/investigators-locate-remains-isabel-celis-year-girl-missing/story?id=46503146,86970,83,text/html
http://abcnews.go.com/Nightline,156110,88,text/html
http://abcnews.go.com/Technology/wireStory/us-enrolls-volunteers-large-test-zika-vaccine-46497974,88496,80,text/html
http://abcnews.go.com/Entertainment/queens-da-drop-assault-charge-shia-labeouf/story?id=46496479,79084,75,text/html
http://abcnews.go.com/Entertainment/inside-ciaras-list-baby-shower/story?id=46490542,83709,81,text/html
http://abcnews.go.com/Lifestyle/Pets/photos/baby-animals-3351912,618335,89,text/html
http://abcnews.go.com/Politics/white-house-allowing-public-request-financials-senior-staff/story?id=46500232,77178,71,text/html
http://abcnews.go.com/Lifestyle/video/diners-waiting-hours-eat-ranch-dressing-46488032,65839,89,text/html
http://abcnews.go.com/Entertainment/wireStory/anthony-perkins-son-fathers-horror-footsteps-46498760,77754,71,text/html
http://abcnews.go.com/Lifestyle/year-basketball-star-shocked-harlem-globetrotters-surprise/story?id=46464978,89820,85,text/html
http://abcnews.go.com/US/wireStory/dad-stunned-wounded-man-nightclub-shooting-suspect-46487284,88076,82,text/html
http://abcnews.go.com/Entertainment/orange-black-star-samira-wiley-lauren-morelli-celebrate/story?id=46479173,83871,78,text/html
http://abcnews.go.com/Site/page?id=3520115,64523,83,text/html
http://abcnews.go.com/Politics/doj-speed-deportation-process-criminal-undocumented-immigrants/story?id=46473308,77236,70,text/html
http://abcnews.go.com/live/video/special-live-2,51862,48,text/html
http://abcnews.go.com/live/video/special-live-1,51867,48,text/html
http://abcnews.go.com/Lifestyle/generations-photo-series-captures-beauty-young/story?id=46451147,90711,87,text/html
http://abcnews.go.com/live/video/special-live-6,51859,48,text/html
http://abcnews.go.com/international,202823,136,text/html
http://abcnews.go.com/live/video/special-live-5,51858,48,text/html
http://abcnews.go.com/live/video/special-live-4,51854,48,text/html
http://abcnews.go.com/live/video/special-live-3,51860,48,text/html
http://abcnews.go.com/Lifestyle/swedish-hotel-chain-offers-refunds-couples-divorce-year/story?id=46464979,88305,83,text/html
http://abcnews.go.com/Live,52036,49,text/html
http://abcnews.go.com/Lifestyle/girl-rare-severe-face-cancer-sparks-emotion-hope/story?id=46466959,91802,87,text/html
http://abcnews.go.com/Lifestyle/mom-sues-112k-alleged-easter-egg-hunt-injury/story?id=46465214,88285,79,text/html
http://abcnews.go.com/US/200-ton-boulder-blown-oregon-road/story?id=46491390,85501,81,text/html
http://abcnews.go.com/Politics/wireStory/top-aide-president-donald-trump-leaves-administration-46469340,78408,72,text/html
http://abcnews.go.com/Entertainment/russell-brand-warm-feelings-katy-perry/story?id=46494402,78444,75,text/html
http://abcnews.go.com/Lifestyle/photos/12-strangest-bus-stops-world-46475041,79448,88,text/html
http://abcnews.go.com/US/wireStory/man-found-bodies-ohio-tells-911-46490260,83534,78,text/html
http://abcnews.go.com/Lifestyle/video/officers-rescue-dad-make-daddy-daughter-dance-46500677,66052,89,text/html
http://abcnews.go.com/Weird/wireStory/berlin-police-seek-info-tools-museum-gold-heist-46490169,84102,78,text/html
http://abcnews.go.com/Health,204112,133,text/html
http://abcnews.go.com/Health/91-year-school-crossing-guard-marks-50-years/story?id=46466002,82207,75,text/html
http://abcnews.go.com/Video,316818,306,text/html
http://abcnews.go.com/WhatWouldYouDo,127920,64,text/html
http://abcnews.go.com/Politics/donald-trump-takes-aim-freedom-caucus-2018-threat/story?id=46464771,83347,86,text/html
http://abcnews.go.com/Lifestyle,216766,123,text/html
http://abcnews.go.com/Politics/white-house-officials-played-role-surfacing-documents-nunes/story?id=46497170,92798,87,text/html
http://abcnews.go.com/Politics/white-house-invites-intelligence-committee-leaders-review-national/story?id=46473063,82181,77,text/html
http://abcnews.go.com/topics/news/weather.htm,47140,40,text/html
http://abcnews.go.com/International/wireStory/china-plans-panda-preserve-times-size-yellowstone-park-46485424,87634,80,text/html
http://abcnews.go.com/thisweek,156806,88,text/html
http://abcnews.go.com/Lifestyle/wireStory/harriet-tubman-photo-bought-smithsonian-national-library-46500944,85027,78,text/html
http://abcnews.go.com/US/wireStory/woman-accused-leaving-toddler-south-carolina-wal-mart-46491460,84612,80,text/html
http://abcnews.go.com/Entertainment,224870,164,text/html
http://abcnews.go.com/US/video/revealing-documentary-youth-heart-standing-rock-protests-dakota-45674446,65790,90,text/html
http://abcnews.go.com/Lifestyle/laws-lacking-us-moms-turn-crowdfunding-pay-maternity/story?id=46417672,103284,92,text/html
http://abcnews.go.com/Politics/wireStory/clinton-criticizes-proposed-trump-budget-cuts-diplomacy-46492383,78805,72,text/html
http://abcnews.go.com/Lifestyle/postal-worker-builds-ramp-elderly-dog-route/story?id=46496853,86175,82,text/html
http://abcnews.go.com/blotter,62847,80,text/html
http://abcnews.go.com/Entertainment/singer-songwriter-jewel-taught-meditation-cope-rough-childhood/story?id=46480425,86776,77,text/html
http://abcnews.go.com/US/maryland-teen-plotting-school-shooting-referenced-columbine-newtown/story?id=46416801,95026,88,text/html
http://abcnews.go.com/Politics/wireStory/journalist-shes-found-twitter-account-fbi-director-46492954,76221,73,text/html
http://abcnews.go.com/business,191121,122,text/html
http://abcnews.go.com/Lifestyle/12-year-north-carolina-girl-picks-perfect-ncaa/story?id=46491561,88620,82,text/html
http://abcnews.go.com/Entertainment/video/feud-director-ryan-murphy-working-women-40-46299944,85483,90,text/html
http://abcnews.go.com/Entertainment/kate-hudson-reveals-hidden-1990s-teenage-time-capsule/story?id=46486969,79845,72,text/html
http://abcnews.go.com/International/wireStory/us-defense-chief-worries-reckless-nkorea-actions-46487458,90422,81,text/html
http://abcnews.go.com/US/woman-survived-days-grand-canyon-reunites-responders-rescued/story?id=46497383,96876,85,text/html
http://abcnews.go.com/Technology/wireStory/epa-denies-petition-ban-pesticide-crops-46457167,75144,70,text/html
http://abcnews.go.com/Technology/wireStory/latest-groups-sue-stop-trumps-effort-boost-coal-46454249,74584,70,text/html
http://abcnews.go.com/Technology/wireStory/president-donald-trump-signs-executive-order-rolling-back-46426243,72926,70,text/html
http://abcnews.go.com/Technology/wireStory/dirty-air-global-trade-kills-home-abroad-46451079,78725,73,text/html
http://abcnews.go.com/Technology/video/archival-video-steve-jobs-apple-years-39232701,66070,90,text/html
http://abcnews.go.com/Technology/wireStory/latest-spacewalking-astronauts-lose-piece-shielding-46466538,77801,70,text/html
http://abcnews.go.com/Technology/wireStory/house-approves-bill-force-public-release-epa-science-46455903,73217,70,text/html
http://abcnews.go.com/topics/news/us/justice-department.htm,48757,37,text/html
http://abcnews.go.com/author/emily_shapiro,58010,78,text/html
http://abcnews.go.com/topics/news/charleston-church-shooting.htm,47746,34,text/html
http://abcnews.go.com/topics/news/issues/death-penalty.htm,45378,33,text/html
http://abcnews.go.com/US/victims-families-recount-stories-loss-charleston-shooting-jury/story?id=44569636,101033,88,text/html
http://abcnews.go.com/amp/US/charleston-church-shooter-dylann-roof-plead-guilty-state/story?id=46492373,27247,10,text/html
http://abcnews.go.com/US/charleston-church-shooter-dylann-roof-sentenced-death/story?id=44674575,97583,85,text/html
http://abcnews.go.com/US/jurors-hear-closing-arguments-dylann-roof-trial/story?id=44673859,99274,90,text/html
http://abcnews.go.com/US/sentencing-phase-begins-dylann-roof-federal-death-penalty/story?id=44544348,98477,91,text/html
http://abcnews.go.com/topics/business/labor-department.htm,48422,38,text/html
http://abcnews.go.com/topics/business/ctia-wireless.htm,47996,36,text/html
http://abcnews.go.com/topics/business/the-salvation-army.htm,48846,39,text/html
http://abcnews.go.com/topics/business/consumer-reports.htm,50232,44,text/html
http://abcnews.go.com/topics/business/commerce-department.htm,48821,40,text/html
http://abcnews.go.com/topics/business/national-bureau-of-economic-research.htm,50320,39,text/html
http://abcnews.go.com/topics/business/drug-companies.htm,46067,35,text/html
http://abcnews.go.com/topics/business/bull-market.htm,50007,39,text/html
http://abcnews.go.com/US/city-delphi-indiana-left-heartbroken-rattled-murders-teenage/story?id=45562004,100403,99,text/html
http://abcnews.go.com/topics/news/crime.htm,43595,30,text/html
http://abcnews.go.com/US/investigation-indiana-teens-mysterious-murder-enters-4th-week/story?id=45937133,106936,92,text/html
http://abcnews.go.com/topics/news/us/federal-bureau-of-investigation.htm,49092,37,text/html
http://abcnews.go.com/US/nfl-player-raises-reward-catch-monster-teen-girls/story?id=45882414,89712,85,text/html
http://abcnews.go.com/amp/US/grandfather-murdered-indiana-teen-pleads-publics-find-killer/story?id=45967370,27449,9,text/html
http://abcnews.go.com/Lifestyle/wireStory/australian-probe-explain-plane-crash-killed-46434112,86037,78,text/html
http://abcnews.go.com/GMA/video/game-thrones-star-finn-jones-iron-fist-family-46489263,83320,88,text/html
http://abcnews.go.com/International/wireStory/bodies-found-helicopter-crashes-uk-mountains-46465212,84875,78,text/html
http://abcnews.go.com/International/passenger-jet-catches-fire-peru-airport-video-shows/story?id=46431387,87538,82,text/html
http://abcnews.go.com/topics/news/plane-crash.htm?mediatype=Image,49789,40,text/html
http://abcnews.go.com/topics/news/plane-crash.htm?page=4,47691,38,text/html
http://abcnews.go.com/topics/news/plane-crash.htm?page=5,47695,38,text/html
http://abcnews.go.com/topics/news/plane-crash.htm?page=2,47634,38,text/html
http://abcnews.go.com/topics/news/plane-crash.htm?page=3,47631,38,text/html
http://abcnews.go.com/US/wireStory/woman-killed-husband-injured-plane-crash-alabama-46443024,84170,80,text/html
http://abcnews.go.com/topics/news/plane-crash.htm?mediatype=Video,52398,47,text/html
http://abcnews.go.com/International/wireStory/red-bull-heir-enjoys-jet-set-life-years-46409975,101574,81,text/html
http://abcnews.go.com/International/wireStory/police-reports-student-pilot-crashed-plane-purpose-46435054,86980,81,text/html
http://abcnews.go.com/US/wireStory/fbi-releases-dozens-911-pentagon-photos-glitch-46493575,85644,80,text/html
http://abcnews.go.com/amp/International/wireStory/us-press-nato-allies-counter-terror-defense-budgets-46485084,28286,8,text/html
http://abcnews.go.com/topics/news/world/nato.htm,47666,38,text/html
http://abcnews.go.com/topics/news/world/prime-minister-jens-stoltenberg.htm,48978,37,text/html
http://abcnews.go.com/Sports/wireStory/final-matchups-make-difference-46502478,79888,73,text/html
http://abcnews.go.com/topics/news/north-carolina.htm?mediatype=Image,49712,38,text/html
http://abcnews.go.com/images/Lifestyle/170401_vod_orig_finalfour_mix.jpg,85104,0,image/jpeg
http://abcnews.go.com/Lifestyle/photos/sasha-anderson-seventh-grader-correctly-picked-north-carolina-46500810,47752,54,text/html
http://abcnews.go.com/images/Sports/WireAP_6468018d64464daca31b558240c21166.jpg,335670,0,image/jpeg
http://abcnews.go.com/Sports/photos/photo-46501763,47171,53,text/html
http://abcnews.go.com/Sports/photos/photo-46503147,46888,53,text/html
http://abcnews.go.com/topics/news/north-carolina.htm?page=4,48219,38,text/html
http://abcnews.go.com/topics/news/north-carolina.htm?page=3,48159,38,text/html
http://abcnews.go.com/topics/news/north-carolina.htm?page=5,48213,38,text/html
http://abcnews.go.com/topics/news/north-carolina.htm?page=2,48160,38,text/html
http://abcnews.go.com/Sports/wireStory/perfect-pick-north-carolina-seventh-grader-nails-final-46501349,74718,71,text/html
http://abcnews.go.com/topics/business/martha-stewart.htm,50857,45,text/html
http://abcnews.go.com/topics/business/gabelli.htm,44579,27,text/html
http://abcnews.go.com/topics/business/stocks.htm,45104,33,text/html
http://abcnews.go.com/topics/business/labor-market.htm,49880,42,text/html
http://abcnews.go.com/topics/business/insurance-companies.htm,48340,38,text/html
http://abcnews.go.com/topics/business/super-bowl-commercials.htm,50771,40,text/html
http://abcnews.go.com/topics/business/consumer-confidence.htm,47953,38,text/html
http://abcnews.go.com/topics/business/chapter-7-bankruptcy.htm,48490,36,text/html
http://abcnews.go.com/topics/business/employment-report.htm,50738,45,text/html
http://abcnews.go.com/topics/business/dow-jones.htm,44753,32,text/html
http://abcnews.go.com/topics/business/leveraged-buyout.htm,47382,35,text/html
http://abcnews.go.com/topics/business/network-appliance.htm,41926,25,text/html
http://abcnews.go.com/topics/business/made-in-america.htm,50927,45,text/html
http://abcnews.go.com/topics/business/flash-crash.htm,48764,36,text/html
http://abcnews.go.com/topics/business/international-council-of-shopping-centers.htm,46810,31,text/html
http://abcnews.go.com/topics/business/commodity-prices.htm,49900,43,text/html
http://abcnews.go.com/topics/business/asian-markets.htm,47241,37,text/html
http://abcnews.go.com/topics/business/bloomberg-tv.htm,48543,38,text/html
http://abcnews.go.com/topics/business/charles-schwab.htm,31177,13,text/html
http://abcnews.go.com/topics/business/beige-book.htm,44582,36,text/html
http://abcnews.go.com/topics/business/small-business-saturday.htm,49077,38,text/html
http://abcnews.go.com/topics/business/world-economic-forum.htm,49514,38,text/html
http://abcnews.go.com/topics/business/trade-deficit.htm,48331,38,text/html
http://abcnews.go.com/topics/business/community-banks.htm,50213,41,text/html
http://abcnews.go.com/topics/business/black-friday.htm,50151,43,text/html
http://abcnews.go.com/topics/business/chapter-13-bankruptcy.htm,48797,38,text/html
http://abcnews.go.com/topics/business/inbev.htm,49220,41,text/html
http://abcnews.go.com/topics/business/gold-prices.htm,48716,40,text/html
http://abcnews.go.com/topics/business/ipos.htm,50522,48,text/html
http://abcnews.go.com/topics/business/stock-market.htm,45473,33,text/html
http://abcnews.go.com/topics/business/trump-university.htm,49679,39,text/html
http://abcnews.go.com/topics/business/abn-amro.htm,42955,27,text/html
http://abcnews.go.com/topics/business/credit-unions.htm,47201,36,text/html
http://abcnews.go.com/topics/business/canadian-imperial-bank-of-commerce.htm,45418,26,text/html
http://abcnews.go.com/topics/business/options-backdating.htm,45086,29,text/html
http://abcnews.go.com/topics/business/private-label.htm,49584,44,text/html
http://abcnews.go.com/topics/business/bitcoin-exchange.htm,49525,37,text/html
http://abcnews.go.com/topics/business/emerging-markets.htm,48655,37,text/html
http://abcnews.go.com/Site/page/rss--3520115,64523,82,text/html
http://abcnews.go.com/author/meghan_keneally,58325,80,text/html
http://abcnews.go.com/amp/Politics/doj-speed-deportation-process-criminal-undocumented-immigrants/story?id=46473308,24398,7,text/html
http://abcnews.go.com/Health/texas-girl-surprised-super-bowl-tickets-treated-rare/story?id=45230765,83558,82,text/html
http://abcnews.go.com/Health/teacher-aide-fired-accused-faking-cancer-hide-criminal/story?id=45047134,80219,74,text/html
http://abcnews.go.com/Health/conjoined-twins-send-off-hospital-separated/story?id=45321109,82399,77,text/html
http://abcnews.go.com/author/janet_weinstein,57878,80,text/html
http://abcnews.go.com/Health/mumps-outbreak-reaches-367-cases-washington-state-numbers/story?id=45320986,82715,75,text/html
http://abcnews.go.com/topics/lifestyle/health/autism.htm,46985,36,text/html
http://abcnews.go.com/topics/lifestyle/health/center-for-disease-control.htm,50184,39,text/html
http://abcnews.go.com/amp/Health/scientists-robot-gadgets-advance-autism-research-young-children/story?id=46175570,33167,10,text/html
http://abcnews.go.com/Health/chicago-witnesses-violence-turn-aid-save-lives/story?id=45050202,87326,81,text/html
http://abcnews.go.com/Health/flu-takes-toll-nyc-children-reported-dead-seasonal/story?id=45320883,81278,77,text/html
http://abcnews.go.com/custom/feedback_form_mobileweb,2927,2,text/html
http://abcnews.go.com/Politics/trump-son-law-jared-kushners-power-expanding-latest/story?id=46399819,83794,83,text/html
http://abcnews.go.com/Politics/donald-trump-promise-tracker-pledges-stand/story?id=44902688,118262,115,text/html
http://abcnews.go.com/Politics/ivanka-trump-taking-formal-role-administration/story?id=46454858,81355,75,text/html
http://abcnews.go.com/Politics/spicer-trump-talking-general-surveillance-wiretapping-tweets/story?id=46101282,78759,75,text/html
http://abcnews.go.com/Politics/paul-ryan-devin-nunes-recuse-russia-investigation/story?id=46418085,81435,77,text/html
http://abcnews.go.com/Author/Meghan_Keneally,58283,79,text/html
http://abcnews.go.com/Politics/trump-administration-hits-50-day-mark/story?id=46025774,83035,84,text/html
http://abcnews.go.com/Politics/timeline-jeff-sessions-connections-russian-ambassador/story?id=45855918,89503,87,text/html
http://abcnews.go.com/Politics/spicer-saystrump-spoken-fbi-director-wiretapping-claims/story?id=45964030,77953,74,text/html
http://abcnews.go.com/Politics/spicer-massive-difference-cia-wikileaks-leak-podesta-email/story?id=45998434,79403,78,text/html
http://abcnews.go.com/Politics/ag-jeff-sessions-takes-aim-sanctuary-cities-doj/story?id=46404503,78827,73,text/html
http://abcnews.go.com/Politics/inside-white-house-president-trump-prepped-speech-joint/story?id=45830015,81572,83,text/html
http://abcnews.go.com/Politics/trump-merkel/story?id=46198767,82577,80,text/html
http://abcnews.go.com/topics/news/elections/presidential-election.htm,48897,37,text/html
http://abcnews.go.com/topics/news/us/eric-schneiderman.htm,47302,36,text/html
http://abcnews.go.com/amp/Politics/wireStory/latest-judge-approves-trump-university-settlement-46494264,24537,8,text/html
http://abcnews.go.com/US/wireStory/friend-racist-church-shooter-appeals-sentence-46452989,84061,79,text/html
http://abcnews.go.com/Politics/people-white-nationalist-jared-taylor-muslim-american-journalist/story?id=46211947,79602,76,text/html
http://abcnews.go.com/topics/news/charleston-church-shooting.htm?page=4,47469,34,text/html
http://abcnews.go.com/topics/news/charleston-church-shooting.htm?page=3,47415,34,text/html
http://abcnews.go.com/topics/news/charleston-church-shooting.htm?page=5,47471,34,text/html
http://abcnews.go.com/US/wireStory/tearful-friend-dylann-roof-apologizes-sentencing-46293810,89955,83,text/html
http://abcnews.go.com/topics/news/charleston-church-shooting.htm?page=2,47416,34,text/html
http://abcnews.go.com/US/wireStory/judge-charleston-church-survivors-lawsuits-46334299,84420,79,text/html
http://abcnews.go.com/US/wireStory/friend-dylann-roof-27-months-prison-failing-report-46280034,85255,80,text/html
http://abcnews.go.com/US/wireStory/confederate-flag-removed-rhode-island-agencys-garage-46496425,86539,82,text/html
http://abcnews.go.com/US/wireStory/dylann-roofs-friend-prison-lying-fbi-46270539,90062,83,text/html
http://abcnews.go.com/topics/news/charleston-church-shooting.htm?mediatype=Video,53774,47,text/html
http://abcnews.go.com/topics/news/charleston-church-shooting.htm?mediatype=Image,52394,40,text/html
http://abcnews.go.com/US/wireStory/charleston-church-shooter-plead-guilty-murder-charges-46492592,89802,83,text/html
http://abcnews.go.com/US/wireStory/latest-27-month-sentence-friend-dylann-roof-46280218,90318,81,text/html
http://abcnews.go.com/topics/news/north-carolina.htm?mediatype=Video,49726,38,text/html
http://abcnews.go.com/US/wireStory/north-carolinas-bathroom-bill-repeal-satisfied-46484972,93143,81,text/html
http://abcnews.go.com/Sports/wireStory/unfinished-tar-heels-oregon-time-46501812,80167,77,text/html
http://abcnews.go.com/Lifestyle/video/12-year-girl-correctly-predicts-final-teams-46500809,65536,88,text/html
http://abcnews.go.com/Sports/wireStory/berrys-injuries-give-tar-heels-familiar-drama-final-46503246,80411,75,text/html
http://abcnews.go.com/images/Sports/WireAP_e6ff305d193946859ccfe936227bd626.jpg,2575669,0,image/jpeg
http://abcnews.go.com/Politics/timeline-michael-flynns-interactions-russia-cost-job/story?id=45456031,91070,78,text/html
http://abcnews.go.com/topics/news/us/justice-department.htm?page=4,48511,37,text/html
http://abcnews.go.com/topics/news/us/justice-department.htm?page=3,48451,37,text/html
http://abcnews.go.com/topics/news/us/justice-department.htm?page=2,48452,37,text/html
http://abcnews.go.com/topics/news/us/,237621,942,text/html
http://abcnews.go.com/topics/news/us/justice-department.htm?mediatype=Image,53084,41,text/html
http://abcnews.go.com/Politics/wireStory/latest-trump-flynn-immunity-46487245,80672,72,text/html
http://abcnews.go.com/US/wireStory/us-seeks-speedy-appeal-hearing-hawaii-travel-ban-46503048,84632,80,text/html
http://abcnews.go.com/topics/news/us/justice-department.htm?page=5,48509,37,text/html
http://abcnews.go.com/Politics/wireStory/questions-answers-legal-immunity-process-46500304,82207,73,text/html
http://abcnews.go.com/Politics/wireStory/michael-flynn-talks-congress-wary-prosecution-46484973,72991,62,text/html
http://abcnews.go.com/topics/news/us/justice-department.htm?mediatype=Video,53869,51,text/html
http://abcnews.go.com/topics/news/,255567,1048,text/html
http://abcnews.go.com/Sports/wireStory/fifa-sends-1300-page-corruption-probe-swiss-prosecutors-46486112,81565,72,text/html
http://abcnews.go.com/Technology/wireStory/notorious-troll-calls-online-tactics-national-sport-46449108,78859,72,text/html
http://abcnews.go.com/Technology/wireStory/windows-update-bring-game-tools-clutter-46443506,77923,71,text/html
http://abcnews.go.com/Technology/wireStory/uber-diversity-report-36-percent-employees-women-46424685,76197,74,text/html
http://abcnews.go.com/Technology/wireStory/thai-jungle-breeding-ground-indochinese-tigers-46417502,76995,71,text/html
http://abcnews.go.com/Technology/wireStory/illinois-considers-strengthening-internet-privacy-rights-46466632,76247,70,text/html
http://abcnews.go.com/Technology/wireStory/mcdonalds-canada-websites-jobs-section-hacked-46494961,72648,67,text/html
http://abcnews.go.com/Technology/wireStory/elon-musks-latest-target-brain-computer-interfaces-46422016,78485,76,text/html
http://abcnews.go.com/Technology/wireStory/worlds-oldest-spacewoman-sets-spacewalking-record-46463023,79093,72,text/html
http://abcnews.go.com/Technology/wireStory/makes-cyberattack-experts-lobby-restrict-term-46420726,79388,78,text/html
http://abcnews.go.com/Technology/wireStory/samsungs-galaxy-s8-phone-aims-dispel-note-debacle-46445998,80773,74,text/html
http://abcnews.go.com/Technology/video/archival-video-meet-siri-apples-latest-invention-41895800,66608,90,text/html
http://abcnews.go.com/Technology/wireStory/oculus-founder-palmer-luckey-leaves-facebook-46493824,72942,69,text/html
http://abcnews.go.com/Technology/wireStory/house-hearing-climate-science-focuses-calling-46449648,76339,70,text/html
http://abcnews.go.com/Technology/wireStory/study-early-americas-girl-naia-young-mother-46456398,72946,68,text/html
http://abcnews.go.com/Technology/wireStory/china-affirms-climate-pledge-trump-rolls-back-rules-46440702,79717,71,text/html
http://abcnews.go.com/Technology/wireStory/spacex-set-launch-recycled-rocket-46471281,79973,70,text/html
http://abcnews.go.com/alerts/Samsung,125734,127,text/html
http://abcnews.go.com/Technology/wireStory/eu-regrets-trumps-reversal-climate-policy-46440591,74625,71,text/html
http://abcnews.go.com/Technology/wireStory/chinese-demand-elephant-ivory-drops-report-46439466,77152,71,text/html
http://abcnews.go.com/Technology/wireStory/amazon-tests-grocery-pickup-service-seattle-46420423,74078,71,text/html
http://abcnews.go.com/Technology/wireStory/privacy-concern-raised-search-service-verizon-phones-46502519,76188,74,text/html
http://abcnews.go.com/Video/technology,316975,307,text/html
http://abcnews.go.com/Technology/wireStory/troll-lulz-target-online-abuse-amused-46438834,84703,72,text/html
http://abcnews.go.com/Technology/wireStory/seattle-plant-failure-dumps-millions-gallons-sewage-46383117,79961,71,text/html
http://abcnews.go.com/Technology/photos/final-frontier-space-pictures-reaches-universe-1884336,229659,88,text/html
http://abcnews.go.com/Technology/wireStory/nature-groups-role-suit-challenging-marine-monument-46466230,75315,70,text/html
http://abcnews.go.com/Technology/wireStory/sockeye-salmon-removed-flood-threatened-idaho-hatchery-46470948,76491,70,text/html
http://abcnews.go.com/Technology/wireStory/ford-hires-400-canadian-connected-car-research-46471381,76945,70,text/html
http://abcnews.go.com/Technology/wireStory/california-ny-vow-fill-climate-change-void-left-46432438,74919,70,text/html
http://abcnews.go.com/alerts/Congress,119014,121,text/html
http://abcnews.go.com/Technology/wireStory/driving-car-crash-amid-debate-regulations-46413534,80140,71,text/html
http://abcnews.go.com/amp/Technology,48732,61,text/html
http://abcnews.go.com/Technology/wireStory/trump-takes-aim-obamas-efforts-curb-global-warming-46413925,81817,71,text/html
http://abcnews.go.com/Technology/wireStory/house-votes-block-obama-era-online-privacy-rules-46430959,79407,71,text/html
http://abcnews.go.com/Technology/wireStory/federal-agency-refuses-ban-pesticide-crops-46459999,76565,69,text/html
http://abcnews.go.com/Technology/wireStory/lab-simulating-harsh-mars-climate-nascent-potato-grows-46457367,77905,72,text/html
http://abcnews.go.com/alerts/SpaceX,102730,101,text/html
http://abcnews.go.com/alerts/DonaldTrump,132361,140,text/html
http://abcnews.go.com/Technology/wireStory/lab-opens-egypts-pyramids-restore-pharaonic-boat-46442569,76381,70,text/html
http://abcnews.go.com/Technology/wireStory/european-officials-urge-rethink-trump-climate-plan-46419656,78708,72,text/html
http://abcnews.go.com/alerts/Space,71918,66,text/html
http://abcnews.go.com/alerts/Zika,125261,127,text/html
http://abcnews.go.com/Technology/wireStory/samsungs-fire-prone-note-phone-return-recalls-46424689,75152,73,text/html
http://abcnews.go.com/Technology/wireStory/chinese-tech-company-tencent-acquires-percent-tesla-stake-46425669,73323,70,text/html
http://abcnews.go.com/Technology/wireStory/twitter-eases-140-character-limit-replies-46469270,74947,71,text/html
http://abcnews.go.com/Technology/wireStory/trump-administration-seeks-delay-ruling-climate-plan-46450181,77393,71,text/html
http://abcnews.go.com/Technology/wireStory/environmental-groups-file-lawsuit-trump-climate-actions-46455956,78477,70,text/html
http://abcnews.go.com/Technology/wireStory/etihad-lend-us-bound-passengers-ipads-ban-workaround-46444215,73201,70,text/html
http://abcnews.go.com/Technology/wireStory/hacker-attack-german-parliament-linked-election-46465385,74683,68,text/html
http://abcnews.go.com/topics/news/north-carolina.htm,47557,37,text/html
http://abcnews.go.com/Sports/wvus-bob-huggins-court-scare-caused-defibrillator-off/story?id=45623148,78462,85,text/html
http://abcnews.go.com/amp/Sports/wireStory/gonzaga-unc-oregon-usc-hold-open-final-practices-46495642,23473,7,text/html
http://abcnews.go.com/Sports/pelicans-officially-acquire-demarcus-cousins-blockbuster-trade-kings/story?id=45618747,87530,107,text/html
http://abcnews.go.com/Sports/sources-wolves-inquire-knicks-derrick-rose/story?id=45623129,77225,87,text/html
http://abcnews.go.com/topics/news/oregon.htm,49158,40,text/html
http://abcnews.go.com/Sports/sophie-cunninghams-layup-helps-mizzou-stun-south-carolina/story?id=45614973,81289,81,text/html
http://abcnews.go.com/Sports/johnson-cruises-win-world-ranking-typical-dj-fashion/story?id=45616187,80481,84,text/html
http://abcnews.go.com/Sports/rick-ankiel-describes-dealing-anxiety-pitching/story?id=45618855,78448,89,text/html
http://abcnews.go.com/Sports/racing-mind/story?id=45612776,109750,84,text/html
http://abcnews.go.com/Sports/w2w4-kerber-regain-ranking-kyrgios-defends-title-time/story?id=45610854,85409,123,text/html
http://abcnews.go.com/Sports/baylor-falls-top/story?id=45619822,90350,147,text/html
http://abcnews.go.com/topics/news/south-carolina.htm,50156,40,text/html
http://abcnews.go.com/Sports/te-julius-thomas-heads-miami-jaguars-acquire-lt/story?id=45621842,79091,83,text/html
http://abcnews.go.com/US/grandfather-murdered-indiana-teen-pleads-publics-find-killer/story?id=45967370,92154,86,text/html
http://abcnews.go.com/Sports/massachusetts-politician-commends-houston-police-helping-recover-tom/story?id=46398381,81660,78,text/html
http://abcnews.go.com/Author/EMILY_SHAPIRO,57975,77,text/html
http://abcnews.go.com/US/87-year-olds-13-killed-texas-church-bus/story?id=46464347,92939,84,text/html
http://abcnews.go.com/US/veteran-charged-murder-terrorism-landmark-york-city-case/story?id=46398609,90362,83,text/html
http://abcnews.go.com/US/cops-corral-ponies-york-city-snowstorm/story?id=46126267,91003,87,text/html
http://abcnews.go.com/US/missing-teen-teacher-mexico-officials/story?id=46418043,94478,89,text/html
http://abcnews.go.com/US/police-search-home-property-slain-indiana-teens-found/story?id=46208820,94079,89,text/html
http://abcnews.go.com/US/communities-cope-recent-anti-semitic-attacks-jewish-officials/story?id=45800345,98864,93,text/html
http://abcnews.go.com/topics/news/plane-crash.htm,47891,38,text/html
http://abcnews.go.com/topics/lifestyle/christmas.htm,47641,38,text/html
http://abcnews.go.com/topics/news/whitehouse/sean-spicer.htm,49408,43,text/html
http://abcnews.go.com/author/veronica_stracqualursi,58899,79,text/html
http://abcnews.go.com/US/michael-flynn-trumps-national-security-adviser-resigns-official/story?id=45473242,90755,84,text/html
http://abcnews.go.com/amp/Politics/timeline-michael-flynns-interactions-russia-cost-job/story?id=45456031,37874,13,text/html
http://abcnews.go.com/topics/news/world/isis.htm,49415,41,text/html
http://abcnews.go.com/Politics/flynn-apologized-pence-misleading-russia-call-official/story?id=45467886,79813,77,text/html
http://abcnews.go.com/topics/news/world/vladimir-putin.htm,49786,42,text/html
http://abcnews.go.com/topics/news/donald-trump.htm,47867,33,text/html
http://abcnews.go.com/Politics/sunday-week-ambassador-nikki-haley-ash-carter-sen/story?id=46501686,75803,71,text/html
http://abcnews.go.com/Politics/top-senate-dem-slams-gsa-oking-trump-hotel/story?id=46502761,88377,85,text/html
http://abcnews.go.com/Politics/note-flynns-story/story?id=46486968,92386,96,text/html
http://abcnews.go.com/Politics/president-trump-expected-sign-executive-orders-trade-friday/story?id=46479874,78101,75,text/html
http://abcnews.go.com/Politics/extended-transcript-george-stephanopoulos-interviews-kremlin-spokesman-dmitry/story?id=46499669,95666,74,text/html
http://abcnews.go.com/Politics/flynn-talks-testify-congress-seeking-assurances-unfair-prosecution/story?id=46478140,82135,82,text/html
http://abcnews.go.com/International/wireStory/us-vows-uphold-russia-sanctions-respects-pledges-46492314,87506,81,text/html
http://abcnews.go.com/Sports/wireStory/gonzaga-unc-oregon-usc-hold-open-final-practices-46495642,76688,74,text/html
http://abcnews.go.com/Health/scientists-robot-gadgets-advance-autism-research-young-children/story?id=46175570,90950,81,text/html
http://abcnews.go.com/weird,75236,115,text/html
http://abcnews.go.com/WN,154841,85,text/html
http://abcnews.go.com/wn,154841,86,text/html
http://abcnews.go.com/Site/page?cat=ABCNews.com%20comments&id=3271346,57358,55,text/html
http://abcnews.go.com/Site/page?id=3068843,48414,70,text/html
http://abcnews.go.com/US/wireStory/deputy-guilty-televised-beating-man-fleeing-horse-46499565,87281,82,text/html
http://abcnews.go.com/US/alleged-stalker-watcher-sends-letter-specific-threats-nj/story?id=46480325,88736,80,text/html
http://abcnews.go.com/Lifestyle/wireStory/large-drone-miss-london-airliner-10000-feet-46491459,85691,78,text/html
http://abcnews.go.com/politics,235216,133,text/html
http://abcnews.go.com/Lifestyle/man-buys-40-powerades-5th-graders-stranded-interstate/story?id=46465522,90218,82,text/html
http://abcnews.go.com/US/occupants-texas-bus-crash-wearing-seat-belts-ntsb/story?id=46499967,88668,83,text/html
http://abcnews.go.com/Politics/michael-flynns-russia-connections-back-spotlight/story?id=46492214,88521,85,text/html
http://abcnews.go.com/ThisWeek,156806,87,text/html
http://abcnews.go.com/VR,95070,66,text/html
http://abcnews.go.com/US/wireStory/norfolk-rape-pardon-brings-relief-pain-lingers-46492653,91371,82,text/html
http://abcnews.go.com/Entertainment/exclusive-dancing-stars-pro-maksim-chmerkovskiy-speaks-injury/story?id=46489701,81197,73,text/html
http://abcnews.go.com/sitemap,65990,207,text/html
http://abcnews.go.com/Lifestyle/april-fools-day-start/story?id=46475042,85453,78,text/html
http://abcnews.go.com/nightline,156110,89,text/html
http://abcnews.go.com/Politics/wireStory/sessions-ferguson-emblem-tense-relationship-police-46493474,80267,72,text/html
http://abcnews.go.com/Blotter,62847,79,text/html
http://abcnews.go.com/US/wireStory/women-sentenced-raising-money-online-al-shabab-46495291,84848,81,text/html
http://abcnews.go.com/Politics/trump-flynn-criticized-clinton-aides-seeking-immunity/story?id=46479102,80796,85,text/html
http://abcnews.go.com/Politics/wireStory/schumer-warns-gop-rules-change-supreme-court-46485073,81403,72,text/html
http://abcnews.go.com/Entertainment/alex-rodriguez-admits-dating-jennifer-lopez-great-time/story?id=46494902,77453,71,text/html
http://abcnews.go.com/sports,75219,126,text/html
http://abcnews.go.com/US/state-troopers-fatally-shoot-man-inside-pickup-truck/story?id=46485023,87172,82,text/html
http://abcnews.go.com/US/wireStory/getaway-driver-convicted-murder-carjacking-mall-46495934,86211,80,text/html
http://abcnews.go.com/Health/wireStory/congress-lets-states-block-planned-parenthood-money-46473310,85007,75,text/html
http://abcnews.go.com/live/video/special-live-10,52072,48,text/html
http://abcnews.go.com/live/video/special-live-11,52068,48,text/html
http://abcnews.go.com/Politics/trump-encourages-national-security-adviser-seek-immunity-testifying/story?id=46488251,81149,83,text/html
http://abcnews.go.com/Entertainment/jordana-brewster-bond-paul-walker-best-part-fast/story?id=46472786,82132,79,text/html
http://abcnews.go.com/US/elizabeth-smarts-father-similarities-elizabeth-thomas-disappearance-manipulation/story?id=46458240,90117,84,text/html
http://abcnews.go.com/US/fbi-releases-batch-911-pentagon-photos/story?id=46484696,89629,86,text/html
http://abcnews.go.com/US/photos/photos-never-seen-before-pentagon-9-11-attack-46488469,91895,84,text/html
http://abcnews.go.com/US/wireStory/feds-giuliani-seeks-critical-role-turkish-mans-case-46501624,84446,80,text/html
http://abcnews.go.com/US/wireStory/arkansas-city-white-hall-reports-1st-homicide-46493680,84231,79,text/html
http://abcnews.go.com/International/photos/week-pictures-march-23-30-2017-46475979,87122,86,text/html
http://abcnews.go.com/US/atlanta-residents-face-travel-nightmare-highway-bridge-collapses/story?id=46489131,95515,90,text/html
http://abcnews.go.com/GMA/video/julie-andrews-shes-unbelievably-lucky-46353587,87075,88,text/html
http://abcnews.go.com/Politics/trade-deficit/story?id=46493683,78342,75,text/html
http://abcnews.go.com/Health/us-cancer-deaths-decreasing-study-finds/story?id=46490447,80651,73,text/html
http://abcnews.go.com/Politics/wireStory/white-house-reality-changing-regard-syria-46498420,80655,72,text/html
http://abcnews.go.com/topics/business/CEOs/rex-tillerson.htm,48744,39,text/html
http://abcnews.go.com/Politics/wireStory/latest-judge-approves-trump-university-settlement-46494264,76882,72,text/html
http://abcnews.go.com/amp/International/wireStory/us-vows-uphold-russia-sanctions-respects-pledges-46492314,24853,8,text/html
http://abcnews.go.com/topics/news/russia.htm,49510,43,text/html
http://abcnews.go.com/topics/news/ukraine.htm,46309,35,text/html
http://abcnews.go.com/topics/business/tennessee-valley-authority.htm,48689,34,text/html
http://abcnews.go.com/topics/business/stanley-oneal.htm,45573,33,text/html
http://abcnews.go.com/topics/business/chapter-11-bankruptcy.htm,48408,36,text/html
http://abcnews.go.com/topics/business/online-advertising.htm,49088,39,text/html
http://abcnews.go.com/topics/business/ubs-swiss.htm,50118,46,text/html
http://abcnews.go.com/topics/business/global-health-initiative.htm,47438,33,text/html
http://abcnews.go.com/topics/business/global-competitiveness.htm,47065,32,text/html
http://abcnews.go.com/topics/business/bond-market.htm,45788,34,text/html
http://abcnews.go.com/topics/business/enron-corporation.htm,50690,41,text/html
http://abcnews.go.com/topics/business/unemployment-rate.htm,47904,37,text/html
http://abcnews.go.com/topics/business/rio-tinto-group.htm,45486,32,text/html
http://abcnews.go.com/topics/business/bb&t.htm,47060,35,text/html
http://abcnews.go.com/topics/business/exchange-traded-funds.htm,48231,37,text/html
http://abcnews.go.com/topics/business/bear-market.htm,50244,40,text/html
http://abcnews.go.com/topics/business/the-wall-street-journal.htm,48694,37,text/html
http://abcnews.go.com/topics/business/usa-today.htm,47111,34,text/html
http://abcnews.go.com/topics/business/foreign-direct-investment.htm,47822,35,text/html
http://abcnews.go.com/topics/business/european-union.htm,48352,38,text/html
http://abcnews.go.com/topics/business/corporate-earnings.htm,48971,39,text/html
http://abcnews.go.com/topics/business/lane-bryant.htm,50702,41,text/html
http://abcnews.go.com/topics/business/executive-compensation.htm,48551,35,text/html
http://abcnews.go.com/topics/business/wachovia.htm,48959,40,text/html
http://abcnews.go.com/topics/business/cyber-monday.htm,50538,44,text/html
http://abcnews.go.com/topics/business/wall-street-dow.htm,46659,35,text/html
http://abcnews.go.com/topics/business/washington-mutual.htm,48581,37,text/html
http://abcnews.go.com/topics/business/corporate-personhood.htm,48750,41,text/html
http://abcnews.go.com/topics/business/revenue-growth.htm,49010,36,text/html
http://abcnews.go.com/topics/business/national-retail-federation.htm,48918,38,text/html
http://abcnews.go.com/topics/business/corporate-espionage.htm,48766,39,text/html
http://abcnews.go.com/topics/business/mutual-funds.htm,47037,38,text/html
http://abcnews.go.com/topics/business/g-20-economic-summit.htm,48850,38,text/html
http://abcnews.go.com/topics/business/online-retailers.htm,45750,33,text/html
http://abcnews.go.com/topics/business/thomson-financial.htm,44294,30,text/html
http://abcnews.go.com/topics/business/deutsche-telekom.htm,48721,38,text/html
http://abcnews.go.com/topics/business/consumer-spending.htm,48654,39,text/html
http://abcnews.go.com/topics/business/european-markets.htm,46515,35,text/html
http://abcnews.go.com/topics/business/the-economist-magazine.htm,47677,32,text/html
http://abcnews.go.com/topics/business/northern-rock-plc.htm,48534,37,text/html
http://abcnews.go.com/topics/business/sarbanes-oxley-act.htm,47760,38,text/html
http://abcnews.go.com/topics/business/bankruptcy.htm,46140,35,text/html
http://abcnews.go.com/topics/business/interest-rate.htm,46743,35,text/html
http://abcnews.go.com/topics/business/retail-sales.htm,48773,36,text/html
http://abcnews.go.com/topics/business/credit-default-swap.htm,48480,37,text/html
http://abcnews.go.com/topics/business/u.s.-marine-corps-toys-for-tots.htm,50066,36,text/html
http://abcnews.go.com/topics/business/chinese-government.htm,48064,37,text/html
http://abcnews.go.com/topics/business/european-commission.htm,48147,38,text/html
http://abcnews.go.com/topics/business/food-and-drug-administration.htm,48921,36,text/html
http://abcnews.go.com/topics/business/equity-market.htm,47084,37,text/html
http://abcnews.go.com/topics/business/high-frequency-trading.htm,48368,37,text/html
